id,email,first_name,patronymic,surname,hash_password,role
1,ivanov1@mail.ru,Иван,Иванович,Иванов,a320480f534776bddb5cdb54b1e93d210a3c7d199e80a23c1b2178497b184c76,user
2,petrov2@mail.ru,Пётр,Сергеевич,Петров,a320480f534776bddb5cdb54b1e93d210a3c7d199e80a23c1b2178497b184c76,user
3,sidorov3@mail.ru,Алексей,Дмитриевич,Сидоров,a320480f534776bddb5cdb54b1e93d210a3c7d199e80a23c1b2178497b184c76,user
4,smirnova4@mail.ru,Анна,Игоревна,Смирнова,a320480f534776bddb5cdb54b1e93d210a3c7d199e80a23c1b2178497b184c76,user
5,kuznetsov5@mail.ru,Дмитрий,Алексеевич,Кузнецов,a320480f534776bddb5cdb54b1e93d210a3c7d199e80a23c1b2178497b184c76,user
6,popova6@mail.ru,Мария,Павловна,Попова,a320480f534776bddb5cdb54b1e93d210a3c7d199e80a23c1b2178497b184c76,user
7,vasiliev7@mail.ru,Сергей,Николаевич,Васильев,a320480f534776bddb5cdb54b1e93d210a3c7d199e80a23c1b2178497b184c76,user
8,fedorova8@mail.ru,Елена,Андреевна,Фёдорова,a320480f534776bddb5cdb54b1e93d210a3c7d199e80a23c1b2178497b184c76,user
9,morozov9@mail.ru,Андрей,Викторович,Морозов,a320480f534776bddb5cdb54b1e93d210a3c7d199e80a23c1b2178497b184c76,user
10,novikova10@mail.ru,Ольга,Евгеньевна,Новикова,a320480f534776bddb5cdb54b1e93d210a3c7d199e80a23c1b2178497b184c76,user
11,kozlov11@mail.ru,Николай,Романович,Козлов,a320480f534776bddb5cdb54b1e93d210a3c7d199e80a23c1b2178497b184c76,user
12,lebedeva12@mail.ru,Татьяна,Ильинична,Лебедева,a320480f534776bddb5cdb54b1e93d210a3c7d199e80a23c1b2178497b184c76,user
13,semenov13@mail.ru,Максим,Олегович,Семёнов,a320480f534776bddb5cdb54b1e93d210a3c7d199e80a23c1b2178497b184c76,user
14,egorova14@mail.ru,Наталья,Сергеевна,Егорова,a320480f534776bddb5cdb54b1e93d210a3c7d199e80a23c1b2178497b184c76,user
15,pavlov15@mail.ru,Владимир,Иванович,Павлов,a320480f534776bddb5cdb54b1e93d210a3c7d199e80a23c1b2178497b184c76,user
16,nikitina16@mail.ru,Юлия,Алексеевна,Никитина,a320480f534776bddb5cdb54b1e93d210a3c7d199e80a23c1b2178497b184c76,user
17,volkov17@mail.ru,Игорь,Петрович,Волков,a320480f534776bddb5cdb54b1e93d210a3c7d199e80a23c1b2178497b184c76,user
18,orlov18@mail.ru,Артём,Денисович,Орлов,a320480f534776bddb5cdb54b1e93d210a3c7d199e80a23c1b2178497b184c76,user
19,stepanova19@mail.ru,Екатерина,Михайловна,Степанова,a320480f534776bddb5cdb54b1e93d210a3c7d199e80a23c1b2178497b184c76,user
20,zaitsev20@mail.ru,Константин,Васильевич,Зайцев,a320480f534776bddb5cdb54b1e93d210a3c7d199e80a23c1b2178497b184c76,user
21,soloviev21@mail.ru,Роман,Андреевич,Соловьёв,a320480f534776bddb5cdb54b1e93d210a3c7d199e80a23c1b2178497b184c76,user
22,borisova22@mail.ru,Светлана,Игоревна,Борисова,a320480f534776bddb5cdb54b1e93d210a3c7d199e80a23c1b2178497b184c76,user
23,yakovlev23@mail.ru,Григорий,Сергеевич,Яковлев,a320480f534776bddb5cdb54b1e93d210a3c7d199e80a23c1b2178497b184c76,user
24,grigorieva24@mail.ru,Людмила,Петровна,Григорьева,a320480f534776bddb5cdb54b1e93d210a3c7d199e80a23c1b2178497b184c76,user
25,romanov25@mail.ru,Фёдор,Алексеевич,Романов,a320480f534776bddb5cdb54b1e93d210a3c7d199e80a23c1b2178497b184c76,user
26,vorobieva26@mail.ru,Дарья,Николаевна,Воробьёва,a320480f534776bddb5cdb54b1e93d210a3c7d199e80a23c1b2178497b184c76,user
27,danilov27@mail.ru,Степан,Михайлович,Данилов,a320480f534776bddb5cdb54b1e93d210a3c7d199e80a23c1b2178497b184c76,user
28,belova28@mail.ru,Алина,Владимировна,Белова,a320480f534776bddb5cdb54b1e93d210a3c7d199e80a23c1b2178497b184c76,user
29,gusev29@mail.ru,Виктор,Павлович,Гусев,a320480f534776bddb5cdb54b1e93d210a3c7d199e80a23c1b2178497b184c76,user
30,tarasova30@mail.ru,Ксения,Дмитриевна,Тарасова,a320480f534776bddb5cdb54b1e93d210a3c7d199e80a23c1b2178497b184c76,user
31,filippov31@mail.ru,Олег,Иванович,Филиппов,a320480f534776bddb5cdb54b1e93d210a3c7d199e80a23c1b2178497b184c76,user
32,komarova32@mail.ru,Ирина,Алексеевна,Комарова,a320480f534776bddb5cdb54b1e93d210a3c7d199e80a23c1b2178497b184c76,user
33,davydov33@mail.ru,Павел,Сергеевич,Давыдов,a320480f534776bddb5cdb54b1e93d210a3c7d199e80a23c1b2178497b184c76,user
34,soboleva34@mail.ru,Валерия,Олеговна,Соболева,a320480f534776bddb5cdb54b1e93d210a3c7d199e80a23c1b2178497b184c76,user
35,zhukov35@mail.ru,Геннадий,Петрович,Жуков,a320480f534776bddb5cdb54b1e93d210a3c7d199e80a23c1b2178497b184c76,user
36,mironova36@mail.ru,Нина,Игоревна,Миронова,a320480f534776bddb5cdb54b1e93d210a3c7d199e80a23c1b2178497b184c76,user
37,frolov37@mail.ru,Егор,Андреевич,Фролов,a320480f534776bddb5cdb54b1e93d210a3c7d199e80a23c1b2178497b184c76,user
38,baranova38@mail.ru,Полина,Викторовна,Баранова,a320480f534776bddb5cdb54b1e93d210a3c7d199e80a23c1b2178497b184c76,user
39,stepanov39@mail.ru,Тимофей,Сергеевич,Степанов,a320480f534776bddb5cdb54b1e93d210a3c7d199e80a23c1b2178497b184c76,user
40,golubeva40@mail.ru,Лариса,Николаевна,Голубева,a320480f534776bddb5cdb54b1e93d210a3c7d199e80a23c1b2178497b184c76,user
41,titov41@mail.ru,Антон,Дмитриевич,Титов,a320480f534776bddb5cdb54b1e93d210a3c7d199e80a23c1b2178497b184c76,user
42,vinogradova42@mail.ru,Алёна,Павловна,Виноградова,a320480f534776bddb5cdb54b1e93d210a3c7d199e80a23c1b2178497b184c76,user
43,bogdanov43@mail.ru,Вячеслав,Игоревич,Богданов,a320480f534776bddb5cdb54b1e93d210a3c7d199e80a23c1b2178497b184c76,user
44,zhdanova44@mail.ru,Марина,Андреевна,Жданова,a320480f534776bddb5cdb54b1e93d210a3c7d199e80a23c1b2178497b184c76,user
45,maksimov45@mail.ru,Руслан,Сергеевич,Максимов,a320480f534776bddb5cdb54b1e93d210a3c7d199e80a23c1b2178497b184c76,user
46,kiseleva46@mail.ru,Оксана,Викторовна,Киселёва,a320480f534776bddb5cdb54b1e93d210a3c7d199e80a23c1b2178497b184c76,user
47,andreev47@mail.ru,Арсений,Петрович,Андреев,a320480f534776bddb5cdb54b1e93d210a3c7d199e80a23c1b2178497b184c76,user
48,polyakova48@mail.ru,Вероника,Ильинична,Полякова,a320480f534776bddb5cdb54b1e93d210a3c7d199e80a23c1b2178497b184c76,user
49,belov49@mail.ru,Юрий,Алексеевич,Белов,a320480f534776bddb5cdb54b1e93d210a3c7d199e80a23c1b2178497b184c76,user
50,sergeeva50@mail.ru,Вера,Сергеевна,Сергеева,a320480f534776bddb5cdb54b1e93d210a3c7d199e80a23c1b2178497b184c76,user
51,afanasev51@mail.ru,Денис,Николаевич,Афанасьев,a320480f534776bddb5cdb54b1e93d210a3c7d199e80a23c1b2178497b184c76,user
52,gromova52@mail.ru,Инна,Олеговна,Громова,a320480f534776bddb5cdb54b1e93d210a3c7d199e80a23c1b2178497b184c76,user
53,shestakov53@mail.ru,Кирилл,Игоревич,Шестаков,a320480f534776bddb5cdb54b1e93d210a3c7d199e80a23c1b2178497b184c76,user
54,melnikova54@mail.ru,Жанна,Андреевна,Мельникова,a320480f534776bddb5cdb54b1e93d210a3c7d199e80a23c1b2178497b184c76,user
55,ermakov55@mail.ru,Анатолий,Владимирович,Ермаков,a320480f534776bddb5cdb54b1e93d210a3c7d199e80a23c1b2178497b184c76,user
56,terehova56@mail.ru,Лилия,Петровна,Терехова,a320480f534776bddb5cdb54b1e93d210a3c7d199e80a23c1b2178497b184c76,user
57,belyaev57@mail.ru,Станислав,Сергеевич,Беляев,a320480f534776bddb5cdb54b1e93d210a3c7d199e80a23c1b2178497b184c76,user
58,koroleva58@mail.ru,Диана,Викторовна,Королёва,a320480f534776bddb5cdb54b1e93d210a3c7d199e80a23c1b2178497b184c76,user
59,osipov59@mail.ru,Ярослав,Игоревич,Осипов,a320480f534776bddb5cdb54b1e93d210a3c7d199e80a23c1b2178497b184c76,user
60,nikolaeva60@mail.ru,Любовь,Алексеевна,Николаева,a320480f534776bddb5cdb54b1e93d210a3c7d199e80a23c1b2178497b184c76,user
61,timofeev61@mail.ru,Глеб,Павлович,Тимофеев,a320480f534776bddb5cdb54b1e93d210a3c7d199e80a23c1b2178497b184c76,user
62,markova62@mail.ru,Таисия,Николаевна,Маркова,a320480f534776bddb5cdb54b1e93d210a3c7d199e80a23c1b2178497b184c76,user
63,matveev63@mail.ru,Илья,Дмитриевич,Матвеев,a320480f534776bddb5cdb54b1e93d210a3c7d199e80a23c1b2178497b184c76,user
64,kulikova64@mail.ru,Агата,Сергеевна,Куликова,a320480f534776bddb5cdb54b1e93d210a3c7d199e80a23c1b2178497b184c76,user
65,safonov65@mail.ru,Евгений,Иванович,Сафонов,a320480f534776bddb5cdb54b1e93d210a3c7d199e80a23c1b2178497b184c76,user
66,loginova66@mail.ru,Карина,Алексеевна,Логинова,a320480f534776bddb5cdb54b1e93d210a3c7d199e80a23c1b2178497b184c76,user
67,voronin67@mail.ru,Борис,Петрович,Воронин,a320480f534776bddb5cdb54b1e93d210a3c7d199e80a23c1b2178497b184c76,user
68,serova68@mail.ru,Алла,Игоревна,Серова,a320480f534776bddb5cdb54b1e93d210a3c7d199e80a23c1b2178497b184c76,user
69,zimin69@mail.ru,Вадим,Андреевич,Зимин,a320480f534776bddb5cdb54b1e93d210a3c7d199e80a23c1b2178497b184c76,user
70,tikhonova70@mail.ru,Надежда,Викторовна,Тихонова,a320480f534776bddb5cdb54b1e93d210a3c7d199e80a23c1b2178497b184c76,user
71,krylov71@mail.ru,Пётр,Сергеевич,Крылов,a320480f534776bddb5cdb54b1e93d210a3c7d199e80a23c1b2178497b184c76,user
72,biryukova72@mail.ru,Софья,Павловна,Бирюкова,a320480f534776bddb5cdb54b1e93d210a3c7d199e80a23c1b2178497b184c76,user
73,fadeev73@mail.ru,Леонид,Игоревич,Фадеев,a320480f534776bddb5cdb54b1e93d210a3c7d199e80a23c1b2178497b184c76,user
74,panina74@mail.ru,Эльвира,Андреевна,Панина,a320480f534776bddb5cdb54b1e93d210a3c7d199e80a23c1b2178497b184c76,user
75,chernov75@mail.ru,Георгий,Викторович,Чернов,a320480f534776bddb5cdb54b1e93d210a3c7d199e80a23c1b2178497b184c76,user
76,bochkareva76@mail.ru,Раиса,Петровна,Бочкарёва,a320480f534776bddb5cdb54b1e93d210a3c7d199e80a23c1b2178497b184c76,user
77,savelyev77@mail.ru,Тарас,Сергеевич,Савельев,a320480f534776bddb5cdb54b1e93d210a3c7d199e80a23c1b2178497b184c76,user
78,trofimova78@mail.ru,Галина,Ивановна,Трофимова,a320480f534776bddb5cdb54b1e93d210a3c7d199e80a23c1b2178497b184c76,user
79,lavrov79@mail.ru,Всеволод,Алексеевич,Лавров,a320480f534776bddb5cdb54b1e93d210a3c7d199e80a23c1b2178497b184c76,user
80,filatova80@mail.ru,Зоя,Николаевна,Филатова,a320480f534776bddb5cdb54b1e93d210a3c7d199e80a23c1b2178497b184c76,user
81,bashkirov81@mail.ru,Игнат,Павлович,Башкиров,a320480f534776bddb5cdb54b1e93d210a3c7d199e80a23c1b2178497b184c76,user
82,ryabova82@mail.ru,Виктория,Дмитриевна,Рябова,a320480f534776bddb5cdb54b1e93d210a3c7d199e80a23c1b2178497b184c76,user
83,shubin83@mail.ru,Никита,Сергеевич,Шубин,a320480f534776bddb5cdb54b1e93d210a3c7d199e80a23c1b2178497b184c76,user
84,aksenova84@mail.ru,Олеся,Игоревна,Аксенова,a320480f534776bddb5cdb54b1e93d210a3c7d199e80a23c1b2178497b184c76,user
85,plotnikov85@mail.ru,Семён,Андреевич,Плотников,a320480f534776bddb5cdb54b1e93d210a3c7d199e80a23c1b2178497b184c76,user
86,goncharova86@mail.ru,Елизавета,Викторовна,Гончарова,a320480f534776bddb5cdb54b1e93d210a3c7d199e80a23c1b2178497b184c76,user
87,kondratyev87@mail.ru,Аркадий,Петрович,Кондратьев,a320480f534776bddb5cdb54b1e93d210a3c7d199e80a23c1b2178497b184c76,user
88,kulagina88@mail.ru,Тамара,Сергеевна,Кулагина,a320480f534776bddb5cdb54b1e93d210a3c7d199e80a23c1b2178497b184c76,user
89,sorokin89@mail.ru,Василий,Иванович,Сорокин,a320480f534776bddb5cdb54b1e93d210a3c7d199e80a23c1b2178497b184c76,user
90,demidova90@mail.ru,Людмила,Алексеевна,Демидова,a320480f534776bddb5cdb54b1e93d210a3c7d199e80a23c1b2178497b184c76,organizer
91,rodionov91@mail.ru,Филипп,Павлович,Родионов,a320480f534776bddb5cdb54b1e93d210a3c7d199e80a23c1b2178497b184c76,organizer
92,nikiforova92@mail.ru,Евдокия,Николаевна,Никифорова,a320480f534776bddb5cdb54b1e93d210a3c7d199e80a23c1b2178497b184c76,organizer
93,lobanov93@mail.ru,Артемий,Дмитриевич,Лобанов,a320480f534776bddb5cdb54b1e93d210a3c7d199e80a23c1b2178497b184c76,organizer
94,maslova94@mail.ru,Нелли,Сергеевна,Маслова,a320480f534776bddb5cdb54b1e93d210a3c7d199e80a23c1b2178497b184c76,organizer
95,chernyshev95@mail.ru,Платон,Игоревич,Чернышёв,a320480f534776bddb5cdb54b1e93d210a3c7d199e80a23c1b2178497b184c76,organizer
96,belkina96@mail.ru,Инга,Андреевна,Белкина,a320480f534776bddb5cdb54b1e93d210a3c7d199e80a23c1b2178497b184c76,organizer
97,ershov97@mail.ru,Даниил,Викторович,Ершов,a320480f534776bddb5cdb54b1e93d210a3c7d199e80a23c1b2178497b184c76,organizer
98,krylova98@mail.ru,Милана,Петровна,Крылова,a320480f534776bddb5cdb54b1e93d210a3c7d199e80a23c1b2178497b184c76,organizer
99,nikitin99@mail.ru,Родион,Сергеевич,Никитин,a320480f534776bddb5cdb54b1e93d210a3c7d199e80a23c1b2178497b184c76,organizer
100,tarasenko100@mail.ru,Яна,Ивановна,Тарасенко,a320480f534776bddb5cdb54b1e93d210a3c7d199e80a23c1b2178497b184c76,organizer
